replica_id,f_dps,source_metadata
0,0.260264169074,tests/atlas_data_driven_sps/results/route9p3_global_calibrated_allpairs/bootstrap_fixed500_global_nominal_v1/job_000/attempt_000000/metadata.txt
1,0.209803168576,tests/atlas_data_driven_sps/results/route9p3_global_calibrated_allpairs/bootstrap_fixed500_global_nominal_v1/job_000/attempt_000001/metadata.txt
2,0.148450104866,tests/atlas_data_driven_sps/results/route9p3_global_calibrated_allpairs/bootstrap_fixed500_global_nominal_v1/job_000/attempt_000002/metadata.txt
3,0.104228932348,tests/atlas_data_driven_sps/results/route9p3_global_calibrated_allpairs/bootstrap_fixed500_global_nominal_v1/job_000/attempt_000003/metadata.txt
4,0.156115821926,tests/atlas_data_driven_sps/results/route9p3_global_calibrated_allpairs/bootstrap_fixed500_global_nominal_v1/job_000/attempt_000004/metadata.txt
10,0.317585126778,tests/atlas_data_driven_sps/results/route9p3_global_calibrated_allpairs/bootstrap_fixed500_global_nominal_v1/job_001/attempt_000010/metadata.txt
11,0.072707162419,tests/atlas_data_driven_sps/results/route9p3_global_calibrated_allpairs/bootstrap_fixed500_global_nominal_v1/job_001/attempt_000011/metadata.txt
12,0.267561316559,tests/atlas_data_driven_sps/results/route9p3_global_calibrated_allpairs/bootstrap_fixed500_global_nominal_v1/job_001/attempt_000012/metadata.txt
13,0.129793671967,tests/atlas_data_driven_sps/results/route9p3_global_calibrated_allpairs/bootstrap_fixed500_global_nominal_v1/job_001/attempt_000013/metadata.txt
14,0.113800449624,tests/atlas_data_driven_sps/results/route9p3_global_calibrated_allpairs/bootstrap_fixed500_global_nominal_v1/job_001/attempt_000014/metadata.txt
20,0.175647679358,tests/atlas_data_driven_sps/results/route9p3_global_calibrated_allpairs/bootstrap_fixed500_global_nominal_v1/job_002/attempt_000020/metadata.txt
21,0.254530613499,tests/atlas_data_driven_sps/results/route9p3_global_calibrated_allpairs/bootstrap_fixed500_global_nominal_v1/job_002/attempt_000021/metadata.txt
22,0.170235519721,tests/atlas_data_driven_sps/results/route9p3_global_calibrated_allpairs/bootstrap_fixed500_global_nominal_v1/job_002/attempt_000022/metadata.txt
23,0.265636812744,tests/atlas_data_driven_sps/results/route9p3_global_calibrated_allpairs/bootstrap_fixed500_global_nominal_v1/job_002/attempt_000023/metadata.txt
24,0.112464614049,tests/atlas_data_driven_sps/results/route9p3_global_calibrated_allpairs/bootstrap_fixed500_global_nominal_v1/job_002/attempt_000024/metadata.txt
30,0.13559292802,tests/atlas_data_driven_sps/results/route9p3_global_calibrated_allpairs/bootstrap_fixed500_global_nominal_v1/job_003/attempt_000030/metadata.txt
31,0.0862064349323,tests/atlas_data_driven_sps/results/route9p3_global_calibrated_allpairs/bootstrap_fixed500_global_nominal_v1/job_003/attempt_000031/metadata.txt
32,0.159473131601,tests/atlas_data_driven_sps/results/route9p3_global_calibrated_allpairs/bootstrap_fixed500_global_nominal_v1/job_003/attempt_000032/metadata.txt
33,0.201855625542,tests/atlas_data_driven_sps/results/route9p3_global_calibrated_allpairs/bootstrap_fixed500_global_nominal_v1/job_003/attempt_000033/metadata.txt
34,0.121524183886,tests/atlas_data_driven_sps/results/route9p3_global_calibrated_allpairs/bootstrap_fixed500_global_nominal_v1/job_003/attempt_000034/metadata.txt
40,0.207008157296,tests/atlas_data_driven_sps/results/route9p3_global_calibrated_allpairs/bootstrap_fixed500_global_nominal_v1/job_004/attempt_000040/metadata.txt
41,0.14978411167,tests/atlas_data_driven_sps/results/route9p3_global_calibrated_allpairs/bootstrap_fixed500_global_nominal_v1/job_004/attempt_000041/metadata.txt
42,0.0992439518192,tests/atlas_data_driven_sps/results/route9p3_global_calibrated_allpairs/bootstrap_fixed500_global_nominal_v1/job_004/attempt_000042/metadata.txt
43,0.196196803541,tests/atlas_data_driven_sps/results/route9p3_global_calibrated_allpairs/bootstrap_fixed500_global_nominal_v1/job_004/attempt_000043/metadata.txt
44,0.208060820166,tests/atlas_data_driven_sps/results/route9p3_global_calibrated_allpairs/bootstrap_fixed500_global_nominal_v1/job_004/attempt_000044/metadata.txt
50,0.112500075121,tests/atlas_data_driven_sps/results/route9p3_global_calibrated_allpairs/bootstrap_fixed500_global_nominal_v1/job_005/attempt_000050/metadata.txt
51,0.198157459817,tests/atlas_data_driven_sps/results/route9p3_global_calibrated_allpairs/bootstrap_fixed500_global_nominal_v1/job_005/attempt_000051/metadata.txt
52,0.197858731146,tests/atlas_data_driven_sps/results/route9p3_global_calibrated_allpairs/bootstrap_fixed500_global_nominal_v1/job_005/attempt_000052/metadata.txt
53,0.148920669011,tests/atlas_data_driven_sps/results/route9p3_global_calibrated_allpairs/bootstrap_fixed500_global_nominal_v1/job_005/attempt_000053/metadata.txt
54,0.120508766249,tests/atlas_data_driven_sps/results/route9p3_global_calibrated_allpairs/bootstrap_fixed500_global_nominal_v1/job_005/attempt_000054/metadata.txt
60,0.205574658364,tests/atlas_data_driven_sps/results/route9p3_global_calibrated_allpairs/bootstrap_fixed500_global_nominal_v1/job_006/attempt_000060/metadata.txt
61,0.19856811868,tests/atlas_data_driven_sps/results/route9p3_global_calibrated_allpairs/bootstrap_fixed500_global_nominal_v1/job_006/attempt_000061/metadata.txt
62,0.120056472939,tests/atlas_data_driven_sps/results/route9p3_global_calibrated_allpairs/bootstrap_fixed500_global_nominal_v1/job_006/attempt_000062/metadata.txt
63,0.184143044961,tests/atlas_data_driven_sps/results/route9p3_global_calibrated_allpairs/bootstrap_fixed500_global_nominal_v1/job_006/attempt_000063/metadata.txt
64,0.12664295171,tests/atlas_data_driven_sps/results/route9p3_global_calibrated_allpairs/bootstrap_fixed500_global_nominal_v1/job_006/attempt_000064/metadata.txt
70,0.242616937678,tests/atlas_data_driven_sps/results/route9p3_global_calibrated_allpairs/bootstrap_fixed500_global_nominal_v1/job_007/attempt_000070/metadata.txt
71,0.271028422114,tests/atlas_data_driven_sps/results/route9p3_global_calibrated_allpairs/bootstrap_fixed500_global_nominal_v1/job_007/attempt_000071/metadata.txt
72,0.169267946366,tests/atlas_data_driven_sps/results/route9p3_global_calibrated_allpairs/bootstrap_fixed500_global_nominal_v1/job_007/attempt_000072/metadata.txt
73,0.148701010115,tests/atlas_data_driven_sps/results/route9p3_global_calibrated_allpairs/bootstrap_fixed500_global_nominal_v1/job_007/attempt_000073/metadata.txt
74,0.154782636856,tests/atlas_data_driven_sps/results/route9p3_global_calibrated_allpairs/bootstrap_fixed500_global_nominal_v1/job_007/attempt_000074/metadata.txt
80,0.173461448857,tests/atlas_data_driven_sps/results/route9p3_global_calibrated_allpairs/bootstrap_fixed500_global_nominal_v1/job_008/attempt_000080/metadata.txt
81,0.25676960709,tests/atlas_data_driven_sps/results/route9p3_global_calibrated_allpairs/bootstrap_fixed500_global_nominal_v1/job_008/attempt_000081/metadata.txt
82,0.263786807872,tests/atlas_data_driven_sps/results/route9p3_global_calibrated_allpairs/bootstrap_fixed500_global_nominal_v1/job_008/attempt_000082/metadata.txt
83,0.0546410235087,tests/atlas_data_driven_sps/results/route9p3_global_calibrated_allpairs/bootstrap_fixed500_global_nominal_v1/job_008/attempt_000083/metadata.txt
84,0.261948128681,tests/atlas_data_driven_sps/results/route9p3_global_calibrated_allpairs/bootstrap_fixed500_global_nominal_v1/job_008/attempt_000084/metadata.txt
90,0.12788424308,tests/atlas_data_driven_sps/results/route9p3_global_calibrated_allpairs/bootstrap_fixed500_global_nominal_v1/job_009/attempt_000090/metadata.txt
91,0.0566772570554,tests/atlas_data_driven_sps/results/route9p3_global_calibrated_allpairs/bootstrap_fixed500_global_nominal_v1/job_009/attempt_000091/metadata.txt
92,0.208160999623,tests/atlas_data_driven_sps/results/route9p3_global_calibrated_allpairs/bootstrap_fixed500_global_nominal_v1/job_009/attempt_000092/metadata.txt
93,0.208035569486,tests/atlas_data_driven_sps/results/route9p3_global_calibrated_allpairs/bootstrap_fixed500_global_nominal_v1/job_009/attempt_000093/metadata.txt
94,0.0707087622884,tests/atlas_data_driven_sps/results/route9p3_global_calibrated_allpairs/bootstrap_fixed500_global_nominal_v1/job_009/attempt_000094/metadata.txt
100,0.182957360448,tests/atlas_data_driven_sps/results/route9p3_global_calibrated_allpairs/bootstrap_fixed500_global_nominal_v1/job_010/attempt_000100/metadata.txt
101,0.154613587163,tests/atlas_data_driven_sps/results/route9p3_global_calibrated_allpairs/bootstrap_fixed500_global_nominal_v1/job_010/attempt_000101/metadata.txt
102,0.192004553015,tests/atlas_data_driven_sps/results/route9p3_global_calibrated_allpairs/bootstrap_fixed500_global_nominal_v1/job_010/attempt_000102/metadata.txt
103,0.221466961145,tests/atlas_data_driven_sps/results/route9p3_global_calibrated_allpairs/bootstrap_fixed500_global_nominal_v1/job_010/attempt_000103/metadata.txt
104,0.0999686010215,tests/atlas_data_driven_sps/results/route9p3_global_calibrated_allpairs/bootstrap_fixed500_global_nominal_v1/job_010/attempt_000104/metadata.txt
110,0.132998476368,tests/atlas_data_driven_sps/results/route9p3_global_calibrated_allpairs/bootstrap_fixed500_global_nominal_v1/job_011/attempt_000110/metadata.txt
111,0.0912115910113,tests/atlas_data_driven_sps/results/route9p3_global_calibrated_allpairs/bootstrap_fixed500_global_nominal_v1/job_011/attempt_000111/metadata.txt
112,0.120767514954,tests/atlas_data_driven_sps/results/route9p3_global_calibrated_allpairs/bootstrap_fixed500_global_nominal_v1/job_011/attempt_000112/metadata.txt
113,0.0950816065915,tests/atlas_data_driven_sps/results/route9p3_global_calibrated_allpairs/bootstrap_fixed500_global_nominal_v1/job_011/attempt_000113/metadata.txt
114,0.0740213315852,tests/atlas_data_driven_sps/results/route9p3_global_calibrated_allpairs/bootstrap_fixed500_global_nominal_v1/job_011/attempt_000114/metadata.txt
120,0.199641855526,tests/atlas_data_driven_sps/results/route9p3_global_calibrated_allpairs/bootstrap_fixed500_global_nominal_v1/job_012/attempt_000120/metadata.txt
121,0.0936035187981,tests/atlas_data_driven_sps/results/route9p3_global_calibrated_allpairs/bootstrap_fixed500_global_nominal_v1/job_012/attempt_000121/metadata.txt
122,0.105418364347,tests/atlas_data_driven_sps/results/route9p3_global_calibrated_allpairs/bootstrap_fixed500_global_nominal_v1/job_012/attempt_000122/metadata.txt
123,0.202445200998,tests/atlas_data_driven_sps/results/route9p3_global_calibrated_allpairs/bootstrap_fixed500_global_nominal_v1/job_012/attempt_000123/metadata.txt
124,0.321897836028,tests/atlas_data_driven_sps/results/route9p3_global_calibrated_allpairs/bootstrap_fixed500_global_nominal_v1/job_012/attempt_000124/metadata.txt
130,0.0821153957625,tests/atlas_data_driven_sps/results/route9p3_global_calibrated_allpairs/bootstrap_fixed500_global_nominal_v1/job_013/attempt_000130/metadata.txt
131,0.205700481194,tests/atlas_data_driven_sps/results/route9p3_global_calibrated_allpairs/bootstrap_fixed500_global_nominal_v1/job_013/attempt_000131/metadata.txt
132,0.189596318446,tests/atlas_data_driven_sps/results/route9p3_global_calibrated_allpairs/bootstrap_fixed500_global_nominal_v1/job_013/attempt_000132/metadata.txt
133,0.141329072208,tests/atlas_data_driven_sps/results/route9p3_global_calibrated_allpairs/bootstrap_fixed500_global_nominal_v1/job_013/attempt_000133/metadata.txt
134,0.166717348406,tests/atlas_data_driven_sps/results/route9p3_global_calibrated_allpairs/bootstrap_fixed500_global_nominal_v1/job_013/attempt_000134/metadata.txt
140,0.13759914944,tests/atlas_data_driven_sps/results/route9p3_global_calibrated_allpairs/bootstrap_fixed500_global_nominal_v1/job_014/attempt_000140/metadata.txt
141,0.106425956477,tests/atlas_data_driven_sps/results/route9p3_global_calibrated_allpairs/bootstrap_fixed500_global_nominal_v1/job_014/attempt_000141/metadata.txt
142,0.252352212001,tests/atlas_data_driven_sps/results/route9p3_global_calibrated_allpairs/bootstrap_fixed500_global_nominal_v1/job_014/attempt_000142/metadata.txt
143,0.17023547066,tests/atlas_data_driven_sps/results/route9p3_global_calibrated_allpairs/bootstrap_fixed500_global_nominal_v1/job_014/attempt_000143/metadata.txt
144,0.0925388314779,tests/atlas_data_driven_sps/results/route9p3_global_calibrated_allpairs/bootstrap_fixed500_global_nominal_v1/job_014/attempt_000144/metadata.txt
150,0.124840881275,tests/atlas_data_driven_sps/results/route9p3_global_calibrated_allpairs/bootstrap_fixed500_global_nominal_v1/job_015/attempt_000150/metadata.txt
151,0.139516910326,tests/atlas_data_driven_sps/results/route9p3_global_calibrated_allpairs/bootstrap_fixed500_global_nominal_v1/job_015/attempt_000151/metadata.txt
152,0.21222307711,tests/atlas_data_driven_sps/results/route9p3_global_calibrated_allpairs/bootstrap_fixed500_global_nominal_v1/job_015/attempt_000152/metadata.txt
153,0.205696392514,tests/atlas_data_driven_sps/results/route9p3_global_calibrated_allpairs/bootstrap_fixed500_global_nominal_v1/job_015/attempt_000153/metadata.txt
154,0.202429201491,tests/atlas_data_driven_sps/results/route9p3_global_calibrated_allpairs/bootstrap_fixed500_global_nominal_v1/job_015/attempt_000154/metadata.txt
160,0.193312147181,tests/atlas_data_driven_sps/results/route9p3_global_calibrated_allpairs/bootstrap_fixed500_global_nominal_v1/job_016/attempt_000160/metadata.txt
161,0.233194005504,tests/atlas_data_driven_sps/results/route9p3_global_calibrated_allpairs/bootstrap_fixed500_global_nominal_v1/job_016/attempt_000161/metadata.txt
162,0.196610217565,tests/atlas_data_driven_sps/results/route9p3_global_calibrated_allpairs/bootstrap_fixed500_global_nominal_v1/job_016/attempt_000162/metadata.txt
163,0.190232614756,tests/atlas_data_driven_sps/results/route9p3_global_calibrated_allpairs/bootstrap_fixed500_global_nominal_v1/job_016/attempt_000163/metadata.txt
164,0.213737393117,tests/atlas_data_driven_sps/results/route9p3_global_calibrated_allpairs/bootstrap_fixed500_global_nominal_v1/job_016/attempt_000164/metadata.txt
170,0.216390792912,tests/atlas_data_driven_sps/results/route9p3_global_calibrated_allpairs/bootstrap_fixed500_global_nominal_v1/job_017/attempt_000170/metadata.txt
171,0.161267757505,tests/atlas_data_driven_sps/results/route9p3_global_calibrated_allpairs/bootstrap_fixed500_global_nominal_v1/job_017/attempt_000171/metadata.txt
172,0.163491101164,tests/atlas_data_driven_sps/results/route9p3_global_calibrated_allpairs/bootstrap_fixed500_global_nominal_v1/job_017/attempt_000172/metadata.txt
173,0.180523143064,tests/atlas_data_driven_sps/results/route9p3_global_calibrated_allpairs/bootstrap_fixed500_global_nominal_v1/job_017/attempt_000173/metadata.txt
174,0.273809683641,tests/atlas_data_driven_sps/results/route9p3_global_calibrated_allpairs/bootstrap_fixed500_global_nominal_v1/job_017/attempt_000174/metadata.txt
180,0.171045777595,tests/atlas_data_driven_sps/results/route9p3_global_calibrated_allpairs/bootstrap_fixed500_global_nominal_v1/job_018/attempt_000180/metadata.txt
181,0.20129257257,tests/atlas_data_driven_sps/results/route9p3_global_calibrated_allpairs/bootstrap_fixed500_global_nominal_v1/job_018/attempt_000181/metadata.txt
182,0.124973229701,tests/atlas_data_driven_sps/results/route9p3_global_calibrated_allpairs/bootstrap_fixed500_global_nominal_v1/job_018/attempt_000182/metadata.txt
183,0.275264346276,tests/atlas_data_driven_sps/results/route9p3_global_calibrated_allpairs/bootstrap_fixed500_global_nominal_v1/job_018/attempt_000183/metadata.txt
184,0.0733999709139,tests/atlas_data_driven_sps/results/route9p3_global_calibrated_allpairs/bootstrap_fixed500_global_nominal_v1/job_018/attempt_000184/metadata.txt
190,0.179225491385,tests/atlas_data_driven_sps/results/route9p3_global_calibrated_allpairs/bootstrap_fixed500_global_nominal_v1/job_019/attempt_000190/metadata.txt
191,0.142976026441,tests/atlas_data_driven_sps/results/route9p3_global_calibrated_allpairs/bootstrap_fixed500_global_nominal_v1/job_019/attempt_000191/metadata.txt
192,0.25712815923,tests/atlas_data_driven_sps/results/route9p3_global_calibrated_allpairs/bootstrap_fixed500_global_nominal_v1/job_019/attempt_000192/metadata.txt
193,0.236901470629,tests/atlas_data_driven_sps/results/route9p3_global_calibrated_allpairs/bootstrap_fixed500_global_nominal_v1/job_019/attempt_000193/metadata.txt
194,0.196849952031,tests/atlas_data_driven_sps/results/route9p3_global_calibrated_allpairs/bootstrap_fixed500_global_nominal_v1/job_019/attempt_000194/metadata.txt
200,0.112404960862,tests/atlas_data_driven_sps/results/route9p3_global_calibrated_allpairs/bootstrap_fixed500_global_nominal_v1/job_020/attempt_000200/metadata.txt
201,0.232512350556,tests/atlas_data_driven_sps/results/route9p3_global_calibrated_allpairs/bootstrap_fixed500_global_nominal_v1/job_020/attempt_000201/metadata.txt
202,0.156809757641,tests/atlas_data_driven_sps/results/route9p3_global_calibrated_allpairs/bootstrap_fixed500_global_nominal_v1/job_020/attempt_000202/metadata.txt
203,0.163168336396,tests/atlas_data_driven_sps/results/route9p3_global_calibrated_allpairs/bootstrap_fixed500_global_nominal_v1/job_020/attempt_000203/metadata.txt
204,0.15873926002,tests/atlas_data_driven_sps/results/route9p3_global_calibrated_allpairs/bootstrap_fixed500_global_nominal_v1/job_020/attempt_000204/metadata.txt
210,0.160562102491,tests/atlas_data_driven_sps/results/route9p3_global_calibrated_allpairs/bootstrap_fixed500_global_nominal_v1/job_021/attempt_000210/metadata.txt
211,0.091504189665,tests/atlas_data_driven_sps/results/route9p3_global_calibrated_allpairs/bootstrap_fixed500_global_nominal_v1/job_021/attempt_000211/metadata.txt
212,0.142953408766,tests/atlas_data_driven_sps/results/route9p3_global_calibrated_allpairs/bootstrap_fixed500_global_nominal_v1/job_021/attempt_000212/metadata.txt
213,0.0836409478545,tests/atlas_data_driven_sps/results/route9p3_global_calibrated_allpairs/bootstrap_fixed500_global_nominal_v1/job_021/attempt_000213/metadata.txt
214,0.278125857299,tests/atlas_data_driven_sps/results/route9p3_global_calibrated_allpairs/bootstrap_fixed500_global_nominal_v1/job_021/attempt_000214/metadata.txt
220,0.13509136547,tests/atlas_data_driven_sps/results/route9p3_global_calibrated_allpairs/bootstrap_fixed500_global_nominal_v1/job_022/attempt_000220/metadata.txt
221,0.161984458701,tests/atlas_data_driven_sps/results/route9p3_global_calibrated_allpairs/bootstrap_fixed500_global_nominal_v1/job_022/attempt_000221/metadata.txt
222,0.141303631187,tests/atlas_data_driven_sps/results/route9p3_global_calibrated_allpairs/bootstrap_fixed500_global_nominal_v1/job_022/attempt_000222/metadata.txt
223,0.164907297124,tests/atlas_data_driven_sps/results/route9p3_global_calibrated_allpairs/bootstrap_fixed500_global_nominal_v1/job_022/attempt_000223/metadata.txt
224,0.162838278195,tests/atlas_data_driven_sps/results/route9p3_global_calibrated_allpairs/bootstrap_fixed500_global_nominal_v1/job_022/attempt_000224/metadata.txt
230,0.246246283642,tests/atlas_data_driven_sps/results/route9p3_global_calibrated_allpairs/bootstrap_fixed500_global_nominal_v1/job_023/attempt_000230/metadata.txt
231,0.124634262406,tests/atlas_data_driven_sps/results/route9p3_global_calibrated_allpairs/bootstrap_fixed500_global_nominal_v1/job_023/attempt_000231/metadata.txt
232,0.155955427898,tests/atlas_data_driven_sps/results/route9p3_global_calibrated_allpairs/bootstrap_fixed500_global_nominal_v1/job_023/attempt_000232/metadata.txt
233,0.0833473870256,tests/atlas_data_driven_sps/results/route9p3_global_calibrated_allpairs/bootstrap_fixed500_global_nominal_v1/job_023/attempt_000233/metadata.txt
234,0.148160584403,tests/atlas_data_driven_sps/results/route9p3_global_calibrated_allpairs/bootstrap_fixed500_global_nominal_v1/job_023/attempt_000234/metadata.txt
240,0.205338702994,tests/atlas_data_driven_sps/results/route9p3_global_calibrated_allpairs/bootstrap_fixed500_global_nominal_v1/job_024/attempt_000240/metadata.txt
241,0.241654793705,tests/atlas_data_driven_sps/results/route9p3_global_calibrated_allpairs/bootstrap_fixed500_global_nominal_v1/job_024/attempt_000241/metadata.txt
242,0.150935954388,tests/atlas_data_driven_sps/results/route9p3_global_calibrated_allpairs/bootstrap_fixed500_global_nominal_v1/job_024/attempt_000242/metadata.txt
243,0.206000214862,tests/atlas_data_driven_sps/results/route9p3_global_calibrated_allpairs/bootstrap_fixed500_global_nominal_v1/job_024/attempt_000243/metadata.txt
244,0.134838361786,tests/atlas_data_driven_sps/results/route9p3_global_calibrated_allpairs/bootstrap_fixed500_global_nominal_v1/job_024/attempt_000244/metadata.txt
250,0.165931827537,tests/atlas_data_driven_sps/results/route9p3_global_calibrated_allpairs/bootstrap_fixed500_global_nominal_v1/job_025/attempt_000250/metadata.txt
251,0.124122930151,tests/atlas_data_driven_sps/results/route9p3_global_calibrated_allpairs/bootstrap_fixed500_global_nominal_v1/job_025/attempt_000251/metadata.txt
252,0.0913709558874,tests/atlas_data_driven_sps/results/route9p3_global_calibrated_allpairs/bootstrap_fixed500_global_nominal_v1/job_025/attempt_000252/metadata.txt
253,0.130016059768,tests/atlas_data_driven_sps/results/route9p3_global_calibrated_allpairs/bootstrap_fixed500_global_nominal_v1/job_025/attempt_000253/metadata.txt
254,0.108520192791,tests/atlas_data_driven_sps/results/route9p3_global_calibrated_allpairs/bootstrap_fixed500_global_nominal_v1/job_025/attempt_000254/metadata.txt
260,0.179714839618,tests/atlas_data_driven_sps/results/route9p3_global_calibrated_allpairs/bootstrap_fixed500_global_nominal_v1/job_026/attempt_000260/metadata.txt
261,0.0458227124316,tests/atlas_data_driven_sps/results/route9p3_global_calibrated_allpairs/bootstrap_fixed500_global_nominal_v1/job_026/attempt_000261/metadata.txt
262,0.13312148104,tests/atlas_data_driven_sps/results/route9p3_global_calibrated_allpairs/bootstrap_fixed500_global_nominal_v1/job_026/attempt_000262/metadata.txt
263,0.177286343394,tests/atlas_data_driven_sps/results/route9p3_global_calibrated_allpairs/bootstrap_fixed500_global_nominal_v1/job_026/attempt_000263/metadata.txt
264,0.189532004239,tests/atlas_data_driven_sps/results/route9p3_global_calibrated_allpairs/bootstrap_fixed500_global_nominal_v1/job_026/attempt_000264/metadata.txt
270,0.243378863107,tests/atlas_data_driven_sps/results/route9p3_global_calibrated_allpairs/bootstrap_fixed500_global_nominal_v1/job_027/attempt_000270/metadata.txt
271,0.19577257355,tests/atlas_data_driven_sps/results/route9p3_global_calibrated_allpairs/bootstrap_fixed500_global_nominal_v1/job_027/attempt_000271/metadata.txt
272,0.178446572863,tests/atlas_data_driven_sps/results/route9p3_global_calibrated_allpairs/bootstrap_fixed500_global_nominal_v1/job_027/attempt_000272/metadata.txt
273,0.129507989925,tests/atlas_data_driven_sps/results/route9p3_global_calibrated_allpairs/bootstrap_fixed500_global_nominal_v1/job_027/attempt_000273/metadata.txt
274,0.134347014141,tests/atlas_data_driven_sps/results/route9p3_global_calibrated_allpairs/bootstrap_fixed500_global_nominal_v1/job_027/attempt_000274/metadata.txt
280,0.157855629915,tests/atlas_data_driven_sps/results/route9p3_global_calibrated_allpairs/bootstrap_fixed500_global_nominal_v1/job_028/attempt_000280/metadata.txt
281,0.212021206687,tests/atlas_data_driven_sps/results/route9p3_global_calibrated_allpairs/bootstrap_fixed500_global_nominal_v1/job_028/attempt_000281/metadata.txt
282,0.171485971128,tests/atlas_data_driven_sps/results/route9p3_global_calibrated_allpairs/bootstrap_fixed500_global_nominal_v1/job_028/attempt_000282/metadata.txt
283,0.203857303165,tests/atlas_data_driven_sps/results/route9p3_global_calibrated_allpairs/bootstrap_fixed500_global_nominal_v1/job_028/attempt_000283/metadata.txt
284,0.18108722593,tests/atlas_data_driven_sps/results/route9p3_global_calibrated_allpairs/bootstrap_fixed500_global_nominal_v1/job_028/attempt_000284/metadata.txt
290,0.149117688703,tests/atlas_data_driven_sps/results/route9p3_global_calibrated_allpairs/bootstrap_fixed500_global_nominal_v1/job_029/attempt_000290/metadata.txt
291,0.230369558986,tests/atlas_data_driven_sps/results/route9p3_global_calibrated_allpairs/bootstrap_fixed500_global_nominal_v1/job_029/attempt_000291/metadata.txt
292,0.274654040193,tests/atlas_data_driven_sps/results/route9p3_global_calibrated_allpairs/bootstrap_fixed500_global_nominal_v1/job_029/attempt_000292/metadata.txt
293,0.172822084744,tests/atlas_data_driven_sps/results/route9p3_global_calibrated_allpairs/bootstrap_fixed500_global_nominal_v1/job_029/attempt_000293/metadata.txt
294,0.246193699029,tests/atlas_data_driven_sps/results/route9p3_global_calibrated_allpairs/bootstrap_fixed500_global_nominal_v1/job_029/attempt_000294/metadata.txt
300,0.144925518286,tests/atlas_data_driven_sps/results/route9p3_global_calibrated_allpairs/bootstrap_fixed500_global_nominal_v1/job_030/attempt_000300/metadata.txt
301,0.212643445407,tests/atlas_data_driven_sps/results/route9p3_global_calibrated_allpairs/bootstrap_fixed500_global_nominal_v1/job_030/attempt_000301/metadata.txt
302,0.197999535127,tests/atlas_data_driven_sps/results/route9p3_global_calibrated_allpairs/bootstrap_fixed500_global_nominal_v1/job_030/attempt_000302/metadata.txt
303,0.130926841424,tests/atlas_data_driven_sps/results/route9p3_global_calibrated_allpairs/bootstrap_fixed500_global_nominal_v1/job_030/attempt_000303/metadata.txt
304,0.145207515709,tests/atlas_data_driven_sps/results/route9p3_global_calibrated_allpairs/bootstrap_fixed500_global_nominal_v1/job_030/attempt_000304/metadata.txt
310,0.15359041814,tests/atlas_data_driven_sps/results/route9p3_global_calibrated_allpairs/bootstrap_fixed500_global_nominal_v1/job_031/attempt_000310/metadata.txt
311,0.141919816287,tests/atlas_data_driven_sps/results/route9p3_global_calibrated_allpairs/bootstrap_fixed500_global_nominal_v1/job_031/attempt_000311/metadata.txt
312,0.140746663743,tests/atlas_data_driven_sps/results/route9p3_global_calibrated_allpairs/bootstrap_fixed500_global_nominal_v1/job_031/attempt_000312/metadata.txt
313,0.102760349776,tests/atlas_data_driven_sps/results/route9p3_global_calibrated_allpairs/bootstrap_fixed500_global_nominal_v1/job_031/attempt_000313/metadata.txt
314,0.173701605315,tests/atlas_data_driven_sps/results/route9p3_global_calibrated_allpairs/bootstrap_fixed500_global_nominal_v1/job_031/attempt_000314/metadata.txt
320,0.0887837257665,tests/atlas_data_driven_sps/results/route9p3_global_calibrated_allpairs/bootstrap_fixed500_global_nominal_v1/job_032/attempt_000320/metadata.txt
321,0.256555853807,tests/atlas_data_driven_sps/results/route9p3_global_calibrated_allpairs/bootstrap_fixed500_global_nominal_v1/job_032/attempt_000321/metadata.txt
322,0.21809544003,tests/atlas_data_driven_sps/results/route9p3_global_calibrated_allpairs/bootstrap_fixed500_global_nominal_v1/job_032/attempt_000322/metadata.txt
323,0.161595713755,tests/atlas_data_driven_sps/results/route9p3_global_calibrated_allpairs/bootstrap_fixed500_global_nominal_v1/job_032/attempt_000323/metadata.txt
324,0.0645342459334,tests/atlas_data_driven_sps/results/route9p3_global_calibrated_allpairs/bootstrap_fixed500_global_nominal_v1/job_032/attempt_000324/metadata.txt
330,0.134845697523,tests/atlas_data_driven_sps/results/route9p3_global_calibrated_allpairs/bootstrap_fixed500_global_nominal_v1/job_033/attempt_000330/metadata.txt
331,0.0472737081543,tests/atlas_data_driven_sps/results/route9p3_global_calibrated_allpairs/bootstrap_fixed500_global_nominal_v1/job_033/attempt_000331/metadata.txt
332,0.234855812079,tests/atlas_data_driven_sps/results/route9p3_global_calibrated_allpairs/bootstrap_fixed500_global_nominal_v1/job_033/attempt_000332/metadata.txt
333,0.126513345815,tests/atlas_data_driven_sps/results/route9p3_global_calibrated_allpairs/bootstrap_fixed500_global_nominal_v1/job_033/attempt_000333/metadata.txt
334,0.381175859734,tests/atlas_data_driven_sps/results/route9p3_global_calibrated_allpairs/bootstrap_fixed500_global_nominal_v1/job_033/attempt_000334/metadata.txt
340,0.23349607023,tests/atlas_data_driven_sps/results/route9p3_global_calibrated_allpairs/bootstrap_fixed500_global_nominal_v1/job_034/attempt_000340/metadata.txt
341,0.213615137845,tests/atlas_data_driven_sps/results/route9p3_global_calibrated_allpairs/bootstrap_fixed500_global_nominal_v1/job_034/attempt_000341/metadata.txt
342,0.117857611784,tests/atlas_data_driven_sps/results/route9p3_global_calibrated_allpairs/bootstrap_fixed500_global_nominal_v1/job_034/attempt_000342/metadata.txt
343,0.334967965802,tests/atlas_data_driven_sps/results/route9p3_global_calibrated_allpairs/bootstrap_fixed500_global_nominal_v1/job_034/attempt_000343/metadata.txt
344,0.169993103477,tests/atlas_data_driven_sps/results/route9p3_global_calibrated_allpairs/bootstrap_fixed500_global_nominal_v1/job_034/attempt_000344/metadata.txt
350,0.164811082378,tests/atlas_data_driven_sps/results/route9p3_global_calibrated_allpairs/bootstrap_fixed500_global_nominal_v1/job_035/attempt_000350/metadata.txt
351,0.18811260817,tests/atlas_data_driven_sps/results/route9p3_global_calibrated_allpairs/bootstrap_fixed500_global_nominal_v1/job_035/attempt_000351/metadata.txt
352,0.150461692225,tests/atlas_data_driven_sps/results/route9p3_global_calibrated_allpairs/bootstrap_fixed500_global_nominal_v1/job_035/attempt_000352/metadata.txt
353,0.119658172146,tests/atlas_data_driven_sps/results/route9p3_global_calibrated_allpairs/bootstrap_fixed500_global_nominal_v1/job_035/attempt_000353/metadata.txt
354,0.155275977485,tests/atlas_data_driven_sps/results/route9p3_global_calibrated_allpairs/bootstrap_fixed500_global_nominal_v1/job_035/attempt_000354/metadata.txt
360,0.135119887157,tests/atlas_data_driven_sps/results/route9p3_global_calibrated_allpairs/bootstrap_fixed500_global_nominal_v1/job_036/attempt_000360/metadata.txt
361,0.124544208546,tests/atlas_data_driven_sps/results/route9p3_global_calibrated_allpairs/bootstrap_fixed500_global_nominal_v1/job_036/attempt_000361/metadata.txt
362,0.123430754632,tests/atlas_data_driven_sps/results/route9p3_global_calibrated_allpairs/bootstrap_fixed500_global_nominal_v1/job_036/attempt_000362/metadata.txt
363,0.199725359873,tests/atlas_data_driven_sps/results/route9p3_global_calibrated_allpairs/bootstrap_fixed500_global_nominal_v1/job_036/attempt_000363/metadata.txt
364,0.123160820622,tests/atlas_data_driven_sps/results/route9p3_global_calibrated_allpairs/bootstrap_fixed500_global_nominal_v1/job_036/attempt_000364/metadata.txt
370,0.209596808688,tests/atlas_data_driven_sps/results/route9p3_global_calibrated_allpairs/bootstrap_fixed500_global_nominal_v1/job_037/attempt_000370/metadata.txt
371,0.137814883545,tests/atlas_data_driven_sps/results/route9p3_global_calibrated_allpairs/bootstrap_fixed500_global_nominal_v1/job_037/attempt_000371/metadata.txt
372,0.0976733866221,tests/atlas_data_driven_sps/results/route9p3_global_calibrated_allpairs/bootstrap_fixed500_global_nominal_v1/job_037/attempt_000372/metadata.txt
373,0.158527223175,tests/atlas_data_driven_sps/results/route9p3_global_calibrated_allpairs/bootstrap_fixed500_global_nominal_v1/job_037/attempt_000373/metadata.txt
374,0.0816692363318,tests/atlas_data_driven_sps/results/route9p3_global_calibrated_allpairs/bootstrap_fixed500_global_nominal_v1/job_037/attempt_000374/metadata.txt
380,0.237914565645,tests/atlas_data_driven_sps/results/route9p3_global_calibrated_allpairs/bootstrap_fixed500_global_nominal_v1/job_038/attempt_000380/metadata.txt
381,0.162503511219,tests/atlas_data_driven_sps/results/route9p3_global_calibrated_allpairs/bootstrap_fixed500_global_nominal_v1/job_038/attempt_000381/metadata.txt
382,0.173635700777,tests/atlas_data_driven_sps/results/route9p3_global_calibrated_allpairs/bootstrap_fixed500_global_nominal_v1/job_038/attempt_000382/metadata.txt
383,0.166733650194,tests/atlas_data_driven_sps/results/route9p3_global_calibrated_allpairs/bootstrap_fixed500_global_nominal_v1/job_038/attempt_000383/metadata.txt
384,0.249533108587,tests/atlas_data_driven_sps/results/route9p3_global_calibrated_allpairs/bootstrap_fixed500_global_nominal_v1/job_038/attempt_000384/metadata.txt
390,0.125293012156,tests/atlas_data_driven_sps/results/route9p3_global_calibrated_allpairs/bootstrap_fixed500_global_nominal_v1/job_039/attempt_000390/metadata.txt
391,0.254180636918,tests/atlas_data_driven_sps/results/route9p3_global_calibrated_allpairs/bootstrap_fixed500_global_nominal_v1/job_039/attempt_000391/metadata.txt
392,0.149696450193,tests/atlas_data_driven_sps/results/route9p3_global_calibrated_allpairs/bootstrap_fixed500_global_nominal_v1/job_039/attempt_000392/metadata.txt
393,0.189309317502,tests/atlas_data_driven_sps/results/route9p3_global_calibrated_allpairs/bootstrap_fixed500_global_nominal_v1/job_039/attempt_000393/metadata.txt
394,0.0328295495624,tests/atlas_data_driven_sps/results/route9p3_global_calibrated_allpairs/bootstrap_fixed500_global_nominal_v1/job_039/attempt_000394/metadata.txt
400,0.202604151333,tests/atlas_data_driven_sps/results/route9p3_global_calibrated_allpairs/bootstrap_fixed500_global_nominal_v1/job_040/attempt_000400/metadata.txt
401,0.182038231826,tests/atlas_data_driven_sps/results/route9p3_global_calibrated_allpairs/bootstrap_fixed500_global_nominal_v1/job_040/attempt_000401/metadata.txt
402,0.163194112495,tests/atlas_data_driven_sps/results/route9p3_global_calibrated_allpairs/bootstrap_fixed500_global_nominal_v1/job_040/attempt_000402/metadata.txt
403,0.241304458082,tests/atlas_data_driven_sps/results/route9p3_global_calibrated_allpairs/bootstrap_fixed500_global_nominal_v1/job_040/attempt_000403/metadata.txt
404,0.138263796699,tests/atlas_data_driven_sps/results/route9p3_global_calibrated_allpairs/bootstrap_fixed500_global_nominal_v1/job_040/attempt_000404/metadata.txt
410,0.251650058184,tests/atlas_data_driven_sps/results/route9p3_global_calibrated_allpairs/bootstrap_fixed500_global_nominal_v1/job_041/attempt_000410/metadata.txt
411,0.168544010351,tests/atlas_data_driven_sps/results/route9p3_global_calibrated_allpairs/bootstrap_fixed500_global_nominal_v1/job_041/attempt_000411/metadata.txt
412,0.130878539718,tests/atlas_data_driven_sps/results/route9p3_global_calibrated_allpairs/bootstrap_fixed500_global_nominal_v1/job_041/attempt_000412/metadata.txt
413,0.071131401148,tests/atlas_data_driven_sps/results/route9p3_global_calibrated_allpairs/bootstrap_fixed500_global_nominal_v1/job_041/attempt_000413/metadata.txt
414,0.149213879844,tests/atlas_data_driven_sps/results/route9p3_global_calibrated_allpairs/bootstrap_fixed500_global_nominal_v1/job_041/attempt_000414/metadata.txt
420,0.16632817812,tests/atlas_data_driven_sps/results/route9p3_global_calibrated_allpairs/bootstrap_fixed500_global_nominal_v1/job_042/attempt_000420/metadata.txt
421,0.265645938696,tests/atlas_data_driven_sps/results/route9p3_global_calibrated_allpairs/bootstrap_fixed500_global_nominal_v1/job_042/attempt_000421/metadata.txt
422,0.162669127698,tests/atlas_data_driven_sps/results/route9p3_global_calibrated_allpairs/bootstrap_fixed500_global_nominal_v1/job_042/attempt_000422/metadata.txt
423,0.256932450597,tests/atlas_data_driven_sps/results/route9p3_global_calibrated_allpairs/bootstrap_fixed500_global_nominal_v1/job_042/attempt_000423/metadata.txt
424,0.152884324762,tests/atlas_data_driven_sps/results/route9p3_global_calibrated_allpairs/bootstrap_fixed500_global_nominal_v1/job_042/attempt_000424/metadata.txt
430,0.129800879457,tests/atlas_data_driven_sps/results/route9p3_global_calibrated_allpairs/bootstrap_fixed500_global_nominal_v1/job_043/attempt_000430/metadata.txt
431,0.236595121914,tests/atlas_data_driven_sps/results/route9p3_global_calibrated_allpairs/bootstrap_fixed500_global_nominal_v1/job_043/attempt_000431/metadata.txt
432,0.156598953018,tests/atlas_data_driven_sps/results/route9p3_global_calibrated_allpairs/bootstrap_fixed500_global_nominal_v1/job_043/attempt_000432/metadata.txt
433,0.255136908649,tests/atlas_data_driven_sps/results/route9p3_global_calibrated_allpairs/bootstrap_fixed500_global_nominal_v1/job_043/attempt_000433/metadata.txt
434,0.0700359718911,tests/atlas_data_driven_sps/results/route9p3_global_calibrated_allpairs/bootstrap_fixed500_global_nominal_v1/job_043/attempt_000434/metadata.txt
440,0.217455085005,tests/atlas_data_driven_sps/results/route9p3_global_calibrated_allpairs/bootstrap_fixed500_global_nominal_v1/job_044/attempt_000440/metadata.txt
441,0.115698511476,tests/atlas_data_driven_sps/results/route9p3_global_calibrated_allpairs/bootstrap_fixed500_global_nominal_v1/job_044/attempt_000441/metadata.txt
442,0.182170693459,tests/atlas_data_driven_sps/results/route9p3_global_calibrated_allpairs/bootstrap_fixed500_global_nominal_v1/job_044/attempt_000442/metadata.txt
443,0.105369569095,tests/atlas_data_driven_sps/results/route9p3_global_calibrated_allpairs/bootstrap_fixed500_global_nominal_v1/job_044/attempt_000443/metadata.txt
444,0.168937305349,tests/atlas_data_driven_sps/results/route9p3_global_calibrated_allpairs/bootstrap_fixed500_global_nominal_v1/job_044/attempt_000444/metadata.txt
450,0.202274153074,tests/atlas_data_driven_sps/results/route9p3_global_calibrated_allpairs/bootstrap_fixed500_global_nominal_v1/job_045/attempt_000450/metadata.txt
451,0.147185843782,tests/atlas_data_driven_sps/results/route9p3_global_calibrated_allpairs/bootstrap_fixed500_global_nominal_v1/job_045/attempt_000451/metadata.txt
452,0.176307674965,tests/atlas_data_driven_sps/results/route9p3_global_calibrated_allpairs/bootstrap_fixed500_global_nominal_v1/job_045/attempt_000452/metadata.txt
453,0.156490173885,tests/atlas_data_driven_sps/results/route9p3_global_calibrated_allpairs/bootstrap_fixed500_global_nominal_v1/job_045/attempt_000453/metadata.txt
454,0.1690150937,tests/atlas_data_driven_sps/results/route9p3_global_calibrated_allpairs/bootstrap_fixed500_global_nominal_v1/job_045/attempt_000454/metadata.txt
460,0.15009428344,tests/atlas_data_driven_sps/results/route9p3_global_calibrated_allpairs/bootstrap_fixed500_global_nominal_v1/job_046/attempt_000460/metadata.txt
461,0.163714523022,tests/atlas_data_driven_sps/results/route9p3_global_calibrated_allpairs/bootstrap_fixed500_global_nominal_v1/job_046/attempt_000461/metadata.txt
462,0.111031163826,tests/atlas_data_driven_sps/results/route9p3_global_calibrated_allpairs/bootstrap_fixed500_global_nominal_v1/job_046/attempt_000462/metadata.txt
463,0.14127631719,tests/atlas_data_driven_sps/results/route9p3_global_calibrated_allpairs/bootstrap_fixed500_global_nominal_v1/job_046/attempt_000463/metadata.txt
464,0.241766497899,tests/atlas_data_driven_sps/results/route9p3_global_calibrated_allpairs/bootstrap_fixed500_global_nominal_v1/job_046/attempt_000464/metadata.txt
470,0.0789086771496,tests/atlas_data_driven_sps/results/route9p3_global_calibrated_allpairs/bootstrap_fixed500_global_nominal_v1/job_047/attempt_000470/metadata.txt
471,0.110505488213,tests/atlas_data_driven_sps/results/route9p3_global_calibrated_allpairs/bootstrap_fixed500_global_nominal_v1/job_047/attempt_000471/metadata.txt
472,0.147846536819,tests/atlas_data_driven_sps/results/route9p3_global_calibrated_allpairs/bootstrap_fixed500_global_nominal_v1/job_047/attempt_000472/metadata.txt
473,0.255216076187,tests/atlas_data_driven_sps/results/route9p3_global_calibrated_allpairs/bootstrap_fixed500_global_nominal_v1/job_047/attempt_000473/metadata.txt
474,0.136722267162,tests/atlas_data_driven_sps/results/route9p3_global_calibrated_allpairs/bootstrap_fixed500_global_nominal_v1/job_047/attempt_000474/metadata.txt
480,0.236952654215,tests/atlas_data_driven_sps/results/route9p3_global_calibrated_allpairs/bootstrap_fixed500_global_nominal_v1/job_048/attempt_000480/metadata.txt
481,0.0762621271678,tests/atlas_data_driven_sps/results/route9p3_global_calibrated_allpairs/bootstrap_fixed500_global_nominal_v1/job_048/attempt_000481/metadata.txt
482,0.242008134961,tests/atlas_data_driven_sps/results/route9p3_global_calibrated_allpairs/bootstrap_fixed500_global_nominal_v1/job_048/attempt_000482/metadata.txt
483,0.190525475376,tests/atlas_data_driven_sps/results/route9p3_global_calibrated_allpairs/bootstrap_fixed500_global_nominal_v1/job_048/attempt_000483/metadata.txt
484,0.120578544093,tests/atlas_data_driven_sps/results/route9p3_global_calibrated_allpairs/bootstrap_fixed500_global_nominal_v1/job_048/attempt_000484/metadata.txt
490,0.298473630881,tests/atlas_data_driven_sps/results/route9p3_global_calibrated_allpairs/bootstrap_fixed500_global_nominal_v1/job_049/attempt_000490/metadata.txt
491,0.168026378678,tests/atlas_data_driven_sps/results/route9p3_global_calibrated_allpairs/bootstrap_fixed500_global_nominal_v1/job_049/attempt_000491/metadata.txt
492,0.292862832991,tests/atlas_data_driven_sps/results/route9p3_global_calibrated_allpairs/bootstrap_fixed500_global_nominal_v1/job_049/attempt_000492/metadata.txt
493,0.161625591033,tests/atlas_data_driven_sps/results/route9p3_global_calibrated_allpairs/bootstrap_fixed500_global_nominal_v1/job_049/attempt_000493/metadata.txt
494,0.319223885544,tests/atlas_data_driven_sps/results/route9p3_global_calibrated_allpairs/bootstrap_fixed500_global_nominal_v1/job_049/attempt_000494/metadata.txt
500,0.252427920253,tests/atlas_data_driven_sps/results/route9p3_global_calibrated_allpairs/bootstrap_fixed500_global_nominal_v1/job_050/attempt_000500/metadata.txt
501,0.181242200736,tests/atlas_data_driven_sps/results/route9p3_global_calibrated_allpairs/bootstrap_fixed500_global_nominal_v1/job_050/attempt_000501/metadata.txt
502,0.0874387093528,tests/atlas_data_driven_sps/results/route9p3_global_calibrated_allpairs/bootstrap_fixed500_global_nominal_v1/job_050/attempt_000502/metadata.txt
503,0.180026958139,tests/atlas_data_driven_sps/results/route9p3_global_calibrated_allpairs/bootstrap_fixed500_global_nominal_v1/job_050/attempt_000503/metadata.txt
504,0.121093753449,tests/atlas_data_driven_sps/results/route9p3_global_calibrated_allpairs/bootstrap_fixed500_global_nominal_v1/job_050/attempt_000504/metadata.txt
510,0.107348702401,tests/atlas_data_driven_sps/results/route9p3_global_calibrated_allpairs/bootstrap_fixed500_global_nominal_v1/job_051/attempt_000510/metadata.txt
511,0.155536765912,tests/atlas_data_driven_sps/results/route9p3_global_calibrated_allpairs/bootstrap_fixed500_global_nominal_v1/job_051/attempt_000511/metadata.txt
512,0.222398790166,tests/atlas_data_driven_sps/results/route9p3_global_calibrated_allpairs/bootstrap_fixed500_global_nominal_v1/job_051/attempt_000512/metadata.txt
513,0.206138511228,tests/atlas_data_driven_sps/results/route9p3_global_calibrated_allpairs/bootstrap_fixed500_global_nominal_v1/job_051/attempt_000513/metadata.txt
514,0.192820057758,tests/atlas_data_driven_sps/results/route9p3_global_calibrated_allpairs/bootstrap_fixed500_global_nominal_v1/job_051/attempt_000514/metadata.txt
520,0.144564978234,tests/atlas_data_driven_sps/results/route9p3_global_calibrated_allpairs/bootstrap_fixed500_global_nominal_v1/job_052/attempt_000520/metadata.txt
521,0.0966006357591,tests/atlas_data_driven_sps/results/route9p3_global_calibrated_allpairs/bootstrap_fixed500_global_nominal_v1/job_052/attempt_000521/metadata.txt
522,0.20260434283,tests/atlas_data_driven_sps/results/route9p3_global_calibrated_allpairs/bootstrap_fixed500_global_nominal_v1/job_052/attempt_000522/metadata.txt
523,0.183228258353,tests/atlas_data_driven_sps/results/route9p3_global_calibrated_allpairs/bootstrap_fixed500_global_nominal_v1/job_052/attempt_000523/metadata.txt
524,0.258821781858,tests/atlas_data_driven_sps/results/route9p3_global_calibrated_allpairs/bootstrap_fixed500_global_nominal_v1/job_052/attempt_000524/metadata.txt
530,0.161255957748,tests/atlas_data_driven_sps/results/route9p3_global_calibrated_allpairs/bootstrap_fixed500_global_nominal_v1/job_053/attempt_000530/metadata.txt
531,0.159639362044,tests/atlas_data_driven_sps/results/route9p3_global_calibrated_allpairs/bootstrap_fixed500_global_nominal_v1/job_053/attempt_000531/metadata.txt
532,0.184892281662,tests/atlas_data_driven_sps/results/route9p3_global_calibrated_allpairs/bootstrap_fixed500_global_nominal_v1/job_053/attempt_000532/metadata.txt
533,0.140258474681,tests/atlas_data_driven_sps/results/route9p3_global_calibrated_allpairs/bootstrap_fixed500_global_nominal_v1/job_053/attempt_000533/metadata.txt
534,0.128231981543,tests/atlas_data_driven_sps/results/route9p3_global_calibrated_allpairs/bootstrap_fixed500_global_nominal_v1/job_053/attempt_000534/metadata.txt
540,0.251836142336,tests/atlas_data_driven_sps/results/route9p3_global_calibrated_allpairs/bootstrap_fixed500_global_nominal_v1/job_054/attempt_000540/metadata.txt
541,0.203630028432,tests/atlas_data_driven_sps/results/route9p3_global_calibrated_allpairs/bootstrap_fixed500_global_nominal_v1/job_054/attempt_000541/metadata.txt
542,0.089049528147,tests/atlas_data_driven_sps/results/route9p3_global_calibrated_allpairs/bootstrap_fixed500_global_nominal_v1/job_054/attempt_000542/metadata.txt
543,0.104859009714,tests/atlas_data_driven_sps/results/route9p3_global_calibrated_allpairs/bootstrap_fixed500_global_nominal_v1/job_054/attempt_000543/metadata.txt
544,0.0778033721093,tests/atlas_data_driven_sps/results/route9p3_global_calibrated_allpairs/bootstrap_fixed500_global_nominal_v1/job_054/attempt_000544/metadata.txt
550,0.155169349085,tests/atlas_data_driven_sps/results/route9p3_global_calibrated_allpairs/bootstrap_fixed500_global_nominal_v1/job_055/attempt_000550/metadata.txt
551,0.260851351707,tests/atlas_data_driven_sps/results/route9p3_global_calibrated_allpairs/bootstrap_fixed500_global_nominal_v1/job_055/attempt_000551/metadata.txt
552,0.202388711853,tests/atlas_data_driven_sps/results/route9p3_global_calibrated_allpairs/bootstrap_fixed500_global_nominal_v1/job_055/attempt_000552/metadata.txt
553,0.119266229336,tests/atlas_data_driven_sps/results/route9p3_global_calibrated_allpairs/bootstrap_fixed500_global_nominal_v1/job_055/attempt_000553/metadata.txt
554,0.0495435948945,tests/atlas_data_driven_sps/results/route9p3_global_calibrated_allpairs/bootstrap_fixed500_global_nominal_v1/job_055/attempt_000554/metadata.txt
560,0.139548044852,tests/atlas_data_driven_sps/results/route9p3_global_calibrated_allpairs/bootstrap_fixed500_global_nominal_v1/job_056/attempt_000560/metadata.txt
561,0.19206509055,tests/atlas_data_driven_sps/results/route9p3_global_calibrated_allpairs/bootstrap_fixed500_global_nominal_v1/job_056/attempt_000561/metadata.txt
562,0.215157722781,tests/atlas_data_driven_sps/results/route9p3_global_calibrated_allpairs/bootstrap_fixed500_global_nominal_v1/job_056/attempt_000562/metadata.txt
563,0.205346641922,tests/atlas_data_driven_sps/results/route9p3_global_calibrated_allpairs/bootstrap_fixed500_global_nominal_v1/job_056/attempt_000563/metadata.txt
564,0.184013927307,tests/atlas_data_driven_sps/results/route9p3_global_calibrated_allpairs/bootstrap_fixed500_global_nominal_v1/job_056/attempt_000564/metadata.txt
570,0.183264198862,tests/atlas_data_driven_sps/results/route9p3_global_calibrated_allpairs/bootstrap_fixed500_global_nominal_v1/job_057/attempt_000570/metadata.txt
571,0.213374066419,tests/atlas_data_driven_sps/results/route9p3_global_calibrated_allpairs/bootstrap_fixed500_global_nominal_v1/job_057/attempt_000571/metadata.txt
572,0.105681991898,tests/atlas_data_driven_sps/results/route9p3_global_calibrated_allpairs/bootstrap_fixed500_global_nominal_v1/job_057/attempt_000572/metadata.txt
573,0.173366152162,tests/atlas_data_driven_sps/results/route9p3_global_calibrated_allpairs/bootstrap_fixed500_global_nominal_v1/job_057/attempt_000573/metadata.txt
574,0.260374518115,tests/atlas_data_driven_sps/results/route9p3_global_calibrated_allpairs/bootstrap_fixed500_global_nominal_v1/job_057/attempt_000574/metadata.txt
580,0.121687670728,tests/atlas_data_driven_sps/results/route9p3_global_calibrated_allpairs/bootstrap_fixed500_global_nominal_v1/job_058/attempt_000580/metadata.txt
581,0.1572011013,tests/atlas_data_driven_sps/results/route9p3_global_calibrated_allpairs/bootstrap_fixed500_global_nominal_v1/job_058/attempt_000581/metadata.txt
582,0.201298996053,tests/atlas_data_driven_sps/results/route9p3_global_calibrated_allpairs/bootstrap_fixed500_global_nominal_v1/job_058/attempt_000582/metadata.txt
583,0.205733671417,tests/atlas_data_driven_sps/results/route9p3_global_calibrated_allpairs/bootstrap_fixed500_global_nominal_v1/job_058/attempt_000583/metadata.txt
584,0.177386374216,tests/atlas_data_driven_sps/results/route9p3_global_calibrated_allpairs/bootstrap_fixed500_global_nominal_v1/job_058/attempt_000584/metadata.txt
590,0.148252536446,tests/atlas_data_driven_sps/results/route9p3_global_calibrated_allpairs/bootstrap_fixed500_global_nominal_v1/job_059/attempt_000590/metadata.txt
591,0.223876076592,tests/atlas_data_driven_sps/results/route9p3_global_calibrated_allpairs/bootstrap_fixed500_global_nominal_v1/job_059/attempt_000591/metadata.txt
592,0.208868141263,tests/atlas_data_driven_sps/results/route9p3_global_calibrated_allpairs/bootstrap_fixed500_global_nominal_v1/job_059/attempt_000592/metadata.txt
593,0.188825295376,tests/atlas_data_driven_sps/results/route9p3_global_calibrated_allpairs/bootstrap_fixed500_global_nominal_v1/job_059/attempt_000593/metadata.txt
594,0.182823548159,tests/atlas_data_driven_sps/results/route9p3_global_calibrated_allpairs/bootstrap_fixed500_global_nominal_v1/job_059/attempt_000594/metadata.txt
600,0.135125242959,tests/atlas_data_driven_sps/results/route9p3_global_calibrated_allpairs/bootstrap_fixed500_global_nominal_v1/job_060/attempt_000600/metadata.txt
601,0.24628554349,tests/atlas_data_driven_sps/results/route9p3_global_calibrated_allpairs/bootstrap_fixed500_global_nominal_v1/job_060/attempt_000601/metadata.txt
602,0.167477586519,tests/atlas_data_driven_sps/results/route9p3_global_calibrated_allpairs/bootstrap_fixed500_global_nominal_v1/job_060/attempt_000602/metadata.txt
603,0.168644007901,tests/atlas_data_driven_sps/results/route9p3_global_calibrated_allpairs/bootstrap_fixed500_global_nominal_v1/job_060/attempt_000603/metadata.txt
604,0.182162793638,tests/atlas_data_driven_sps/results/route9p3_global_calibrated_allpairs/bootstrap_fixed500_global_nominal_v1/job_060/attempt_000604/metadata.txt
610,0.252018739794,tests/atlas_data_driven_sps/results/route9p3_global_calibrated_allpairs/bootstrap_fixed500_global_nominal_v1/job_061/attempt_000610/metadata.txt
611,0.101562431355,tests/atlas_data_driven_sps/results/route9p3_global_calibrated_allpairs/bootstrap_fixed500_global_nominal_v1/job_061/attempt_000611/metadata.txt
612,0.150919308004,tests/atlas_data_driven_sps/results/route9p3_global_calibrated_allpairs/bootstrap_fixed500_global_nominal_v1/job_061/attempt_000612/metadata.txt
613,0.130224139376,tests/atlas_data_driven_sps/results/route9p3_global_calibrated_allpairs/bootstrap_fixed500_global_nominal_v1/job_061/attempt_000613/metadata.txt
614,0.13774438931,tests/atlas_data_driven_sps/results/route9p3_global_calibrated_allpairs/bootstrap_fixed500_global_nominal_v1/job_061/attempt_000614/metadata.txt
620,0.0565396354117,tests/atlas_data_driven_sps/results/route9p3_global_calibrated_allpairs/bootstrap_fixed500_global_nominal_v1/job_062/attempt_000620/metadata.txt
621,0.0998306047319,tests/atlas_data_driven_sps/results/route9p3_global_calibrated_allpairs/bootstrap_fixed500_global_nominal_v1/job_062/attempt_000621/metadata.txt
622,0.126536121513,tests/atlas_data_driven_sps/results/route9p3_global_calibrated_allpairs/bootstrap_fixed500_global_nominal_v1/job_062/attempt_000622/metadata.txt
623,0.241302405725,tests/atlas_data_driven_sps/results/route9p3_global_calibrated_allpairs/bootstrap_fixed500_global_nominal_v1/job_062/attempt_000623/metadata.txt
624,0.0795936849405,tests/atlas_data_driven_sps/results/route9p3_global_calibrated_allpairs/bootstrap_fixed500_global_nominal_v1/job_062/attempt_000624/metadata.txt
630,0.146425555003,tests/atlas_data_driven_sps/results/route9p3_global_calibrated_allpairs/bootstrap_fixed500_global_nominal_v1/job_063/attempt_000630/metadata.txt
631,0.147922134965,tests/atlas_data_driven_sps/results/route9p3_global_calibrated_allpairs/bootstrap_fixed500_global_nominal_v1/job_063/attempt_000631/metadata.txt
632,0.0599187630095,tests/atlas_data_driven_sps/results/route9p3_global_calibrated_allpairs/bootstrap_fixed500_global_nominal_v1/job_063/attempt_000632/metadata.txt
633,0.266995296666,tests/atlas_data_driven_sps/results/route9p3_global_calibrated_allpairs/bootstrap_fixed500_global_nominal_v1/job_063/attempt_000633/metadata.txt
634,0.154276808888,tests/atlas_data_driven_sps/results/route9p3_global_calibrated_allpairs/bootstrap_fixed500_global_nominal_v1/job_063/attempt_000634/metadata.txt
640,0.0861782089117,tests/atlas_data_driven_sps/results/route9p3_global_calibrated_allpairs/bootstrap_fixed500_global_nominal_v1/job_064/attempt_000640/metadata.txt
641,0.155887990961,tests/atlas_data_driven_sps/results/route9p3_global_calibrated_allpairs/bootstrap_fixed500_global_nominal_v1/job_064/attempt_000641/metadata.txt
642,0.173473061976,tests/atlas_data_driven_sps/results/route9p3_global_calibrated_allpairs/bootstrap_fixed500_global_nominal_v1/job_064/attempt_000642/metadata.txt
643,0.221247541574,tests/atlas_data_driven_sps/results/route9p3_global_calibrated_allpairs/bootstrap_fixed500_global_nominal_v1/job_064/attempt_000643/metadata.txt
644,0.180444616089,tests/atlas_data_driven_sps/results/route9p3_global_calibrated_allpairs/bootstrap_fixed500_global_nominal_v1/job_064/attempt_000644/metadata.txt
650,0.125041612681,tests/atlas_data_driven_sps/results/route9p3_global_calibrated_allpairs/bootstrap_fixed500_global_nominal_v1/job_065/attempt_000650/metadata.txt
651,0.189858855761,tests/atlas_data_driven_sps/results/route9p3_global_calibrated_allpairs/bootstrap_fixed500_global_nominal_v1/job_065/attempt_000651/metadata.txt
652,0.0924683283754,tests/atlas_data_driven_sps/results/route9p3_global_calibrated_allpairs/bootstrap_fixed500_global_nominal_v1/job_065/attempt_000652/metadata.txt
653,0.0791397461789,tests/atlas_data_driven_sps/results/route9p3_global_calibrated_allpairs/bootstrap_fixed500_global_nominal_v1/job_065/attempt_000653/metadata.txt
654,0.202727824787,tests/atlas_data_driven_sps/results/route9p3_global_calibrated_allpairs/bootstrap_fixed500_global_nominal_v1/job_065/attempt_000654/metadata.txt
660,0.131760378979,tests/atlas_data_driven_sps/results/route9p3_global_calibrated_allpairs/bootstrap_fixed500_global_nominal_v1/job_066/attempt_000660/metadata.txt
661,0.184425193609,tests/atlas_data_driven_sps/results/route9p3_global_calibrated_allpairs/bootstrap_fixed500_global_nominal_v1/job_066/attempt_000661/metadata.txt
662,0.144696094843,tests/atlas_data_driven_sps/results/route9p3_global_calibrated_allpairs/bootstrap_fixed500_global_nominal_v1/job_066/attempt_000662/metadata.txt
663,0.170287191596,tests/atlas_data_driven_sps/results/route9p3_global_calibrated_allpairs/bootstrap_fixed500_global_nominal_v1/job_066/attempt_000663/metadata.txt
664,0.109350558722,tests/atlas_data_driven_sps/results/route9p3_global_calibrated_allpairs/bootstrap_fixed500_global_nominal_v1/job_066/attempt_000664/metadata.txt
670,0.0548787898132,tests/atlas_data_driven_sps/results/route9p3_global_calibrated_allpairs/bootstrap_fixed500_global_nominal_v1/job_067/attempt_000670/metadata.txt
671,0.175417183296,tests/atlas_data_driven_sps/results/route9p3_global_calibrated_allpairs/bootstrap_fixed500_global_nominal_v1/job_067/attempt_000671/metadata.txt
672,0.291310767872,tests/atlas_data_driven_sps/results/route9p3_global_calibrated_allpairs/bootstrap_fixed500_global_nominal_v1/job_067/attempt_000672/metadata.txt
673,0.250324281292,tests/atlas_data_driven_sps/results/route9p3_global_calibrated_allpairs/bootstrap_fixed500_global_nominal_v1/job_067/attempt_000673/metadata.txt
674,0.209401246961,tests/atlas_data_driven_sps/results/route9p3_global_calibrated_allpairs/bootstrap_fixed500_global_nominal_v1/job_067/attempt_000674/metadata.txt
680,0.206839915378,tests/atlas_data_driven_sps/results/route9p3_global_calibrated_allpairs/bootstrap_fixed500_global_nominal_v1/job_068/attempt_000680/metadata.txt
681,0.245915207288,tests/atlas_data_driven_sps/results/route9p3_global_calibrated_allpairs/bootstrap_fixed500_global_nominal_v1/job_068/attempt_000681/metadata.txt
682,0.243697792144,tests/atlas_data_driven_sps/results/route9p3_global_calibrated_allpairs/bootstrap_fixed500_global_nominal_v1/job_068/attempt_000682/metadata.txt
683,0.136618804271,tests/atlas_data_driven_sps/results/route9p3_global_calibrated_allpairs/bootstrap_fixed500_global_nominal_v1/job_068/attempt_000683/metadata.txt
684,0.193107673332,tests/atlas_data_driven_sps/results/route9p3_global_calibrated_allpairs/bootstrap_fixed500_global_nominal_v1/job_068/attempt_000684/metadata.txt
690,0.161469754498,tests/atlas_data_driven_sps/results/route9p3_global_calibrated_allpairs/bootstrap_fixed500_global_nominal_v1/job_069/attempt_000690/metadata.txt
691,0.195190905027,tests/atlas_data_driven_sps/results/route9p3_global_calibrated_allpairs/bootstrap_fixed500_global_nominal_v1/job_069/attempt_000691/metadata.txt
692,0.29352086633,tests/atlas_data_driven_sps/results/route9p3_global_calibrated_allpairs/bootstrap_fixed500_global_nominal_v1/job_069/attempt_000692/metadata.txt
693,0.255641054185,tests/atlas_data_driven_sps/results/route9p3_global_calibrated_allpairs/bootstrap_fixed500_global_nominal_v1/job_069/attempt_000693/metadata.txt
694,0.16915913893,tests/atlas_data_driven_sps/results/route9p3_global_calibrated_allpairs/bootstrap_fixed500_global_nominal_v1/job_069/attempt_000694/metadata.txt
700,0.200207102376,tests/atlas_data_driven_sps/results/route9p3_global_calibrated_allpairs/bootstrap_fixed500_global_nominal_v1/job_070/attempt_000700/metadata.txt
701,0.169537985233,tests/atlas_data_driven_sps/results/route9p3_global_calibrated_allpairs/bootstrap_fixed500_global_nominal_v1/job_070/attempt_000701/metadata.txt
702,0.173396789504,tests/atlas_data_driven_sps/results/route9p3_global_calibrated_allpairs/bootstrap_fixed500_global_nominal_v1/job_070/attempt_000702/metadata.txt
703,0.117349573823,tests/atlas_data_driven_sps/results/route9p3_global_calibrated_allpairs/bootstrap_fixed500_global_nominal_v1/job_070/attempt_000703/metadata.txt
704,0.251325476654,tests/atlas_data_driven_sps/results/route9p3_global_calibrated_allpairs/bootstrap_fixed500_global_nominal_v1/job_070/attempt_000704/metadata.txt
710,0.14710331845,tests/atlas_data_driven_sps/results/route9p3_global_calibrated_allpairs/bootstrap_fixed500_global_nominal_v1/job_071/attempt_000710/metadata.txt
711,0.197314836286,tests/atlas_data_driven_sps/results/route9p3_global_calibrated_allpairs/bootstrap_fixed500_global_nominal_v1/job_071/attempt_000711/metadata.txt
712,0.125407941166,tests/atlas_data_driven_sps/results/route9p3_global_calibrated_allpairs/bootstrap_fixed500_global_nominal_v1/job_071/attempt_000712/metadata.txt
713,0.274013225451,tests/atlas_data_driven_sps/results/route9p3_global_calibrated_allpairs/bootstrap_fixed500_global_nominal_v1/job_071/attempt_000713/metadata.txt
714,0.145024131266,tests/atlas_data_driven_sps/results/route9p3_global_calibrated_allpairs/bootstrap_fixed500_global_nominal_v1/job_071/attempt_000714/metadata.txt
720,0.177965981744,tests/atlas_data_driven_sps/results/route9p3_global_calibrated_allpairs/bootstrap_fixed500_global_nominal_v1/job_072/attempt_000720/metadata.txt
721,0.230524781314,tests/atlas_data_driven_sps/results/route9p3_global_calibrated_allpairs/bootstrap_fixed500_global_nominal_v1/job_072/attempt_000721/metadata.txt
722,0.0826568294069,tests/atlas_data_driven_sps/results/route9p3_global_calibrated_allpairs/bootstrap_fixed500_global_nominal_v1/job_072/attempt_000722/metadata.txt
723,0.104542879402,tests/atlas_data_driven_sps/results/route9p3_global_calibrated_allpairs/bootstrap_fixed500_global_nominal_v1/job_072/attempt_000723/metadata.txt
724,0.158675623972,tests/atlas_data_driven_sps/results/route9p3_global_calibrated_allpairs/bootstrap_fixed500_global_nominal_v1/job_072/attempt_000724/metadata.txt
730,0.138342158748,tests/atlas_data_driven_sps/results/route9p3_global_calibrated_allpairs/bootstrap_fixed500_global_nominal_v1/job_073/attempt_000730/metadata.txt
731,0.148440571837,tests/atlas_data_driven_sps/results/route9p3_global_calibrated_allpairs/bootstrap_fixed500_global_nominal_v1/job_073/attempt_000731/metadata.txt
732,0.0617222793032,tests/atlas_data_driven_sps/results/route9p3_global_calibrated_allpairs/bootstrap_fixed500_global_nominal_v1/job_073/attempt_000732/metadata.txt
733,0.158591581811,tests/atlas_data_driven_sps/results/route9p3_global_calibrated_allpairs/bootstrap_fixed500_global_nominal_v1/job_073/attempt_000733/metadata.txt
734,0.212105089054,tests/atlas_data_driven_sps/results/route9p3_global_calibrated_allpairs/bootstrap_fixed500_global_nominal_v1/job_073/attempt_000734/metadata.txt
740,0.137543637473,tests/atlas_data_driven_sps/results/route9p3_global_calibrated_allpairs/bootstrap_fixed500_global_nominal_v1/job_074/attempt_000740/metadata.txt
741,0.0701812212038,tests/atlas_data_driven_sps/results/route9p3_global_calibrated_allpairs/bootstrap_fixed500_global_nominal_v1/job_074/attempt_000741/metadata.txt
742,0.211117516803,tests/atlas_data_driven_sps/results/route9p3_global_calibrated_allpairs/bootstrap_fixed500_global_nominal_v1/job_074/attempt_000742/metadata.txt
743,0.322848640251,tests/atlas_data_driven_sps/results/route9p3_global_calibrated_allpairs/bootstrap_fixed500_global_nominal_v1/job_074/attempt_000743/metadata.txt
744,0.147595384041,tests/atlas_data_driven_sps/results/route9p3_global_calibrated_allpairs/bootstrap_fixed500_global_nominal_v1/job_074/attempt_000744/metadata.txt
750,0.208442977406,tests/atlas_data_driven_sps/results/route9p3_global_calibrated_allpairs/bootstrap_fixed500_global_nominal_v1/job_075/attempt_000750/metadata.txt
751,0.195339214485,tests/atlas_data_driven_sps/results/route9p3_global_calibrated_allpairs/bootstrap_fixed500_global_nominal_v1/job_075/attempt_000751/metadata.txt
752,0.0813448190963,tests/atlas_data_driven_sps/results/route9p3_global_calibrated_allpairs/bootstrap_fixed500_global_nominal_v1/job_075/attempt_000752/metadata.txt
753,0.0981582916234,tests/atlas_data_driven_sps/results/route9p3_global_calibrated_allpairs/bootstrap_fixed500_global_nominal_v1/job_075/attempt_000753/metadata.txt
754,0.237702384334,tests/atlas_data_driven_sps/results/route9p3_global_calibrated_allpairs/bootstrap_fixed500_global_nominal_v1/job_075/attempt_000754/metadata.txt
760,0.316279712876,tests/atlas_data_driven_sps/results/route9p3_global_calibrated_allpairs/bootstrap_fixed500_global_nominal_v1/job_076/attempt_000760/metadata.txt
761,0.201586952763,tests/atlas_data_driven_sps/results/route9p3_global_calibrated_allpairs/bootstrap_fixed500_global_nominal_v1/job_076/attempt_000761/metadata.txt
762,0.202191870504,tests/atlas_data_driven_sps/results/route9p3_global_calibrated_allpairs/bootstrap_fixed500_global_nominal_v1/job_076/attempt_000762/metadata.txt
763,0.191926151619,tests/atlas_data_driven_sps/results/route9p3_global_calibrated_allpairs/bootstrap_fixed500_global_nominal_v1/job_076/attempt_000763/metadata.txt
764,0.272616100101,tests/atlas_data_driven_sps/results/route9p3_global_calibrated_allpairs/bootstrap_fixed500_global_nominal_v1/job_076/attempt_000764/metadata.txt
770,0.180948121482,tests/atlas_data_driven_sps/results/route9p3_global_calibrated_allpairs/bootstrap_fixed500_global_nominal_v1/job_077/attempt_000770/metadata.txt
771,0.22520124864,tests/atlas_data_driven_sps/results/route9p3_global_calibrated_allpairs/bootstrap_fixed500_global_nominal_v1/job_077/attempt_000771/metadata.txt
772,0.119516276256,tests/atlas_data_driven_sps/results/route9p3_global_calibrated_allpairs/bootstrap_fixed500_global_nominal_v1/job_077/attempt_000772/metadata.txt
773,0.148027225958,tests/atlas_data_driven_sps/results/route9p3_global_calibrated_allpairs/bootstrap_fixed500_global_nominal_v1/job_077/attempt_000773/metadata.txt
774,0.188576590022,tests/atlas_data_driven_sps/results/route9p3_global_calibrated_allpairs/bootstrap_fixed500_global_nominal_v1/job_077/attempt_000774/metadata.txt
780,0.144455038282,tests/atlas_data_driven_sps/results/route9p3_global_calibrated_allpairs/bootstrap_fixed500_global_nominal_v1/job_078/attempt_000780/metadata.txt
781,0.19852397092,tests/atlas_data_driven_sps/results/route9p3_global_calibrated_allpairs/bootstrap_fixed500_global_nominal_v1/job_078/attempt_000781/metadata.txt
782,0.103207894499,tests/atlas_data_driven_sps/results/route9p3_global_calibrated_allpairs/bootstrap_fixed500_global_nominal_v1/job_078/attempt_000782/metadata.txt
783,0.205212664466,tests/atlas_data_driven_sps/results/route9p3_global_calibrated_allpairs/bootstrap_fixed500_global_nominal_v1/job_078/attempt_000783/metadata.txt
784,0.17514016787,tests/atlas_data_driven_sps/results/route9p3_global_calibrated_allpairs/bootstrap_fixed500_global_nominal_v1/job_078/attempt_000784/metadata.txt
790,0.182498132956,tests/atlas_data_driven_sps/results/route9p3_global_calibrated_allpairs/bootstrap_fixed500_global_nominal_v1/job_079/attempt_000790/metadata.txt
791,0.138255764493,tests/atlas_data_driven_sps/results/route9p3_global_calibrated_allpairs/bootstrap_fixed500_global_nominal_v1/job_079/attempt_000791/metadata.txt
792,0.158309785043,tests/atlas_data_driven_sps/results/route9p3_global_calibrated_allpairs/bootstrap_fixed500_global_nominal_v1/job_079/attempt_000792/metadata.txt
793,0.165043733496,tests/atlas_data_driven_sps/results/route9p3_global_calibrated_allpairs/bootstrap_fixed500_global_nominal_v1/job_079/attempt_000793/metadata.txt
794,0.187544487576,tests/atlas_data_driven_sps/results/route9p3_global_calibrated_allpairs/bootstrap_fixed500_global_nominal_v1/job_079/attempt_000794/metadata.txt
800,0.224634115571,tests/atlas_data_driven_sps/results/route9p3_global_calibrated_allpairs/bootstrap_fixed500_global_nominal_v1/job_080/attempt_000800/metadata.txt
801,0.261190395747,tests/atlas_data_driven_sps/results/route9p3_global_calibrated_allpairs/bootstrap_fixed500_global_nominal_v1/job_080/attempt_000801/metadata.txt
802,0.186313566875,tests/atlas_data_driven_sps/results/route9p3_global_calibrated_allpairs/bootstrap_fixed500_global_nominal_v1/job_080/attempt_000802/metadata.txt
803,0.0317212086715,tests/atlas_data_driven_sps/results/route9p3_global_calibrated_allpairs/bootstrap_fixed500_global_nominal_v1/job_080/attempt_000803/metadata.txt
804,0.137727266188,tests/atlas_data_driven_sps/results/route9p3_global_calibrated_allpairs/bootstrap_fixed500_global_nominal_v1/job_080/attempt_000804/metadata.txt
810,0.0777553009329,tests/atlas_data_driven_sps/results/route9p3_global_calibrated_allpairs/bootstrap_fixed500_global_nominal_v1/job_081/attempt_000810/metadata.txt
811,0.211857909569,tests/atlas_data_driven_sps/results/route9p3_global_calibrated_allpairs/bootstrap_fixed500_global_nominal_v1/job_081/attempt_000811/metadata.txt
812,0.105930925548,tests/atlas_data_driven_sps/results/route9p3_global_calibrated_allpairs/bootstrap_fixed500_global_nominal_v1/job_081/attempt_000812/metadata.txt
813,0.17796255693,tests/atlas_data_driven_sps/results/route9p3_global_calibrated_allpairs/bootstrap_fixed500_global_nominal_v1/job_081/attempt_000813/metadata.txt
814,0.187963758995,tests/atlas_data_driven_sps/results/route9p3_global_calibrated_allpairs/bootstrap_fixed500_global_nominal_v1/job_081/attempt_000814/metadata.txt
820,0.138456139549,tests/atlas_data_driven_sps/results/route9p3_global_calibrated_allpairs/bootstrap_fixed500_global_nominal_v1/job_082/attempt_000820/metadata.txt
821,0.0800504031609,tests/atlas_data_driven_sps/results/route9p3_global_calibrated_allpairs/bootstrap_fixed500_global_nominal_v1/job_082/attempt_000821/metadata.txt
822,0.202616437542,tests/atlas_data_driven_sps/results/route9p3_global_calibrated_allpairs/bootstrap_fixed500_global_nominal_v1/job_082/attempt_000822/metadata.txt
823,0.194700188421,tests/atlas_data_driven_sps/results/route9p3_global_calibrated_allpairs/bootstrap_fixed500_global_nominal_v1/job_082/attempt_000823/metadata.txt
824,0.109127598893,tests/atlas_data_driven_sps/results/route9p3_global_calibrated_allpairs/bootstrap_fixed500_global_nominal_v1/job_082/attempt_000824/metadata.txt
830,0.150334496024,tests/atlas_data_driven_sps/results/route9p3_global_calibrated_allpairs/bootstrap_fixed500_global_nominal_v1/job_083/attempt_000830/metadata.txt
831,0.149945248941,tests/atlas_data_driven_sps/results/route9p3_global_calibrated_allpairs/bootstrap_fixed500_global_nominal_v1/job_083/attempt_000831/metadata.txt
832,0.128539808526,tests/atlas_data_driven_sps/results/route9p3_global_calibrated_allpairs/bootstrap_fixed500_global_nominal_v1/job_083/attempt_000832/metadata.txt
833,0.193014755733,tests/atlas_data_driven_sps/results/route9p3_global_calibrated_allpairs/bootstrap_fixed500_global_nominal_v1/job_083/attempt_000833/metadata.txt
834,0.171734935289,tests/atlas_data_driven_sps/results/route9p3_global_calibrated_allpairs/bootstrap_fixed500_global_nominal_v1/job_083/attempt_000834/metadata.txt
840,0.161694309465,tests/atlas_data_driven_sps/results/route9p3_global_calibrated_allpairs/bootstrap_fixed500_global_nominal_v1/job_084/attempt_000840/metadata.txt
841,0.166409853721,tests/atlas_data_driven_sps/results/route9p3_global_calibrated_allpairs/bootstrap_fixed500_global_nominal_v1/job_084/attempt_000841/metadata.txt
842,0.2677810945,tests/atlas_data_driven_sps/results/route9p3_global_calibrated_allpairs/bootstrap_fixed500_global_nominal_v1/job_084/attempt_000842/metadata.txt
843,0.276122292457,tests/atlas_data_driven_sps/results/route9p3_global_calibrated_allpairs/bootstrap_fixed500_global_nominal_v1/job_084/attempt_000843/metadata.txt
844,0.204427958674,tests/atlas_data_driven_sps/results/route9p3_global_calibrated_allpairs/bootstrap_fixed500_global_nominal_v1/job_084/attempt_000844/metadata.txt
850,0.151434956819,tests/atlas_data_driven_sps/results/route9p3_global_calibrated_allpairs/bootstrap_fixed500_global_nominal_v1/job_085/attempt_000850/metadata.txt
851,0.199995511993,tests/atlas_data_driven_sps/results/route9p3_global_calibrated_allpairs/bootstrap_fixed500_global_nominal_v1/job_085/attempt_000851/metadata.txt
852,0.0779930553202,tests/atlas_data_driven_sps/results/route9p3_global_calibrated_allpairs/bootstrap_fixed500_global_nominal_v1/job_085/attempt_000852/metadata.txt
853,0.131780060442,tests/atlas_data_driven_sps/results/route9p3_global_calibrated_allpairs/bootstrap_fixed500_global_nominal_v1/job_085/attempt_000853/metadata.txt
854,0.285009198409,tests/atlas_data_driven_sps/results/route9p3_global_calibrated_allpairs/bootstrap_fixed500_global_nominal_v1/job_085/attempt_000854/metadata.txt
860,0.106446432045,tests/atlas_data_driven_sps/results/route9p3_global_calibrated_allpairs/bootstrap_fixed500_global_nominal_v1/job_086/attempt_000860/metadata.txt
861,0.164021783394,tests/atlas_data_driven_sps/results/route9p3_global_calibrated_allpairs/bootstrap_fixed500_global_nominal_v1/job_086/attempt_000861/metadata.txt
862,0.105833394554,tests/atlas_data_driven_sps/results/route9p3_global_calibrated_allpairs/bootstrap_fixed500_global_nominal_v1/job_086/attempt_000862/metadata.txt
863,0.287326032848,tests/atlas_data_driven_sps/results/route9p3_global_calibrated_allpairs/bootstrap_fixed500_global_nominal_v1/job_086/attempt_000863/metadata.txt
864,0.0832290101372,tests/atlas_data_driven_sps/results/route9p3_global_calibrated_allpairs/bootstrap_fixed500_global_nominal_v1/job_086/attempt_000864/metadata.txt
870,0.292598539695,tests/atlas_data_driven_sps/results/route9p3_global_calibrated_allpairs/bootstrap_fixed500_global_nominal_v1/job_087/attempt_000870/metadata.txt
871,0.194921188627,tests/atlas_data_driven_sps/results/route9p3_global_calibrated_allpairs/bootstrap_fixed500_global_nominal_v1/job_087/attempt_000871/metadata.txt
872,0.148835830435,tests/atlas_data_driven_sps/results/route9p3_global_calibrated_allpairs/bootstrap_fixed500_global_nominal_v1/job_087/attempt_000872/metadata.txt
873,0.118831816106,tests/atlas_data_driven_sps/results/route9p3_global_calibrated_allpairs/bootstrap_fixed500_global_nominal_v1/job_087/attempt_000873/metadata.txt
874,0.135438826383,tests/atlas_data_driven_sps/results/route9p3_global_calibrated_allpairs/bootstrap_fixed500_global_nominal_v1/job_087/attempt_000874/metadata.txt
880,0.189997261477,tests/atlas_data_driven_sps/results/route9p3_global_calibrated_allpairs/bootstrap_fixed500_global_nominal_v1/job_088/attempt_000880/metadata.txt
881,0.238936083746,tests/atlas_data_driven_sps/results/route9p3_global_calibrated_allpairs/bootstrap_fixed500_global_nominal_v1/job_088/attempt_000881/metadata.txt
882,0.135939720184,tests/atlas_data_driven_sps/results/route9p3_global_calibrated_allpairs/bootstrap_fixed500_global_nominal_v1/job_088/attempt_000882/metadata.txt
883,0.275743811694,tests/atlas_data_driven_sps/results/route9p3_global_calibrated_allpairs/bootstrap_fixed500_global_nominal_v1/job_088/attempt_000883/metadata.txt
884,0.149012207056,tests/atlas_data_driven_sps/results/route9p3_global_calibrated_allpairs/bootstrap_fixed500_global_nominal_v1/job_088/attempt_000884/metadata.txt
890,0.198663584635,tests/atlas_data_driven_sps/results/route9p3_global_calibrated_allpairs/bootstrap_fixed500_global_nominal_v1/job_089/attempt_000890/metadata.txt
891,0.307705663339,tests/atlas_data_driven_sps/results/route9p3_global_calibrated_allpairs/bootstrap_fixed500_global_nominal_v1/job_089/attempt_000891/metadata.txt
892,0.0976278447571,tests/atlas_data_driven_sps/results/route9p3_global_calibrated_allpairs/bootstrap_fixed500_global_nominal_v1/job_089/attempt_000892/metadata.txt
893,0.12850429388,tests/atlas_data_driven_sps/results/route9p3_global_calibrated_allpairs/bootstrap_fixed500_global_nominal_v1/job_089/attempt_000893/metadata.txt
894,0.109837064888,tests/atlas_data_driven_sps/results/route9p3_global_calibrated_allpairs/bootstrap_fixed500_global_nominal_v1/job_089/attempt_000894/metadata.txt
900,0.202185959446,tests/atlas_data_driven_sps/results/route9p3_global_calibrated_allpairs/bootstrap_fixed500_global_nominal_v1/job_090/attempt_000900/metadata.txt
901,0.101764190147,tests/atlas_data_driven_sps/results/route9p3_global_calibrated_allpairs/bootstrap_fixed500_global_nominal_v1/job_090/attempt_000901/metadata.txt
902,0.149956541259,tests/atlas_data_driven_sps/results/route9p3_global_calibrated_allpairs/bootstrap_fixed500_global_nominal_v1/job_090/attempt_000902/metadata.txt
903,0.142441486219,tests/atlas_data_driven_sps/results/route9p3_global_calibrated_allpairs/bootstrap_fixed500_global_nominal_v1/job_090/attempt_000903/metadata.txt
904,0.154513444193,tests/atlas_data_driven_sps/results/route9p3_global_calibrated_allpairs/bootstrap_fixed500_global_nominal_v1/job_090/attempt_000904/metadata.txt
910,0.0460365088737,tests/atlas_data_driven_sps/results/route9p3_global_calibrated_allpairs/bootstrap_fixed500_global_nominal_v1/job_091/attempt_000910/metadata.txt
911,0.111045918257,tests/atlas_data_driven_sps/results/route9p3_global_calibrated_allpairs/bootstrap_fixed500_global_nominal_v1/job_091/attempt_000911/metadata.txt
912,0.218793812273,tests/atlas_data_driven_sps/results/route9p3_global_calibrated_allpairs/bootstrap_fixed500_global_nominal_v1/job_091/attempt_000912/metadata.txt
913,0.186709841066,tests/atlas_data_driven_sps/results/route9p3_global_calibrated_allpairs/bootstrap_fixed500_global_nominal_v1/job_091/attempt_000913/metadata.txt
914,0.0622195443074,tests/atlas_data_driven_sps/results/route9p3_global_calibrated_allpairs/bootstrap_fixed500_global_nominal_v1/job_091/attempt_000914/metadata.txt
920,0.275099091262,tests/atlas_data_driven_sps/results/route9p3_global_calibrated_allpairs/bootstrap_fixed500_global_nominal_v1/job_092/attempt_000920/metadata.txt
921,0.114485648795,tests/atlas_data_driven_sps/results/route9p3_global_calibrated_allpairs/bootstrap_fixed500_global_nominal_v1/job_092/attempt_000921/metadata.txt
922,0.211872187709,tests/atlas_data_driven_sps/results/route9p3_global_calibrated_allpairs/bootstrap_fixed500_global_nominal_v1/job_092/attempt_000922/metadata.txt
923,0.0705141585858,tests/atlas_data_driven_sps/results/route9p3_global_calibrated_allpairs/bootstrap_fixed500_global_nominal_v1/job_092/attempt_000923/metadata.txt
924,0.208135735181,tests/atlas_data_driven_sps/results/route9p3_global_calibrated_allpairs/bootstrap_fixed500_global_nominal_v1/job_092/attempt_000924/metadata.txt
930,0.199375679118,tests/atlas_data_driven_sps/results/route9p3_global_calibrated_allpairs/bootstrap_fixed500_global_nominal_v1/job_093/attempt_000930/metadata.txt
931,0.202185345573,tests/atlas_data_driven_sps/results/route9p3_global_calibrated_allpairs/bootstrap_fixed500_global_nominal_v1/job_093/attempt_000931/metadata.txt
932,0.16200202778,tests/atlas_data_driven_sps/results/route9p3_global_calibrated_allpairs/bootstrap_fixed500_global_nominal_v1/job_093/attempt_000932/metadata.txt
933,0.207036786569,tests/atlas_data_driven_sps/results/route9p3_global_calibrated_allpairs/bootstrap_fixed500_global_nominal_v1/job_093/attempt_000933/metadata.txt
934,0.204064520484,tests/atlas_data_driven_sps/results/route9p3_global_calibrated_allpairs/bootstrap_fixed500_global_nominal_v1/job_093/attempt_000934/metadata.txt
940,0.105910089634,tests/atlas_data_driven_sps/results/route9p3_global_calibrated_allpairs/bootstrap_fixed500_global_nominal_v1/job_094/attempt_000940/metadata.txt
941,0.227604671465,tests/atlas_data_driven_sps/results/route9p3_global_calibrated_allpairs/bootstrap_fixed500_global_nominal_v1/job_094/attempt_000941/metadata.txt
942,0.141869334789,tests/atlas_data_driven_sps/results/route9p3_global_calibrated_allpairs/bootstrap_fixed500_global_nominal_v1/job_094/attempt_000942/metadata.txt
943,0.120646648207,tests/atlas_data_driven_sps/results/route9p3_global_calibrated_allpairs/bootstrap_fixed500_global_nominal_v1/job_094/attempt_000943/metadata.txt
944,0.225720440351,tests/atlas_data_driven_sps/results/route9p3_global_calibrated_allpairs/bootstrap_fixed500_global_nominal_v1/job_094/attempt_000944/metadata.txt
950,0.0683927614137,tests/atlas_data_driven_sps/results/route9p3_global_calibrated_allpairs/bootstrap_fixed500_global_nominal_v1/job_095/attempt_000950/metadata.txt
951,0.156405533572,tests/atlas_data_driven_sps/results/route9p3_global_calibrated_allpairs/bootstrap_fixed500_global_nominal_v1/job_095/attempt_000951/metadata.txt
952,0.150628694525,tests/atlas_data_driven_sps/results/route9p3_global_calibrated_allpairs/bootstrap_fixed500_global_nominal_v1/job_095/attempt_000952/metadata.txt
953,0.135944875868,tests/atlas_data_driven_sps/results/route9p3_global_calibrated_allpairs/bootstrap_fixed500_global_nominal_v1/job_095/attempt_000953/metadata.txt
954,0.200779441319,tests/atlas_data_driven_sps/results/route9p3_global_calibrated_allpairs/bootstrap_fixed500_global_nominal_v1/job_095/attempt_000954/metadata.txt
960,0.195070023736,tests/atlas_data_driven_sps/results/route9p3_global_calibrated_allpairs/bootstrap_fixed500_global_nominal_v1/job_096/attempt_000960/metadata.txt
961,0.302208098583,tests/atlas_data_driven_sps/results/route9p3_global_calibrated_allpairs/bootstrap_fixed500_global_nominal_v1/job_096/attempt_000961/metadata.txt
962,0.0924750066648,tests/atlas_data_driven_sps/results/route9p3_global_calibrated_allpairs/bootstrap_fixed500_global_nominal_v1/job_096/attempt_000962/metadata.txt
963,0.127415786069,tests/atlas_data_driven_sps/results/route9p3_global_calibrated_allpairs/bootstrap_fixed500_global_nominal_v1/job_096/attempt_000963/metadata.txt
964,0.175421402529,tests/atlas_data_driven_sps/results/route9p3_global_calibrated_allpairs/bootstrap_fixed500_global_nominal_v1/job_096/attempt_000964/metadata.txt
970,0.163267076645,tests/atlas_data_driven_sps/results/route9p3_global_calibrated_allpairs/bootstrap_fixed500_global_nominal_v1/job_097/attempt_000970/metadata.txt
971,0.0970128290186,tests/atlas_data_driven_sps/results/route9p3_global_calibrated_allpairs/bootstrap_fixed500_global_nominal_v1/job_097/attempt_000971/metadata.txt
972,0.299155602876,tests/atlas_data_driven_sps/results/route9p3_global_calibrated_allpairs/bootstrap_fixed500_global_nominal_v1/job_097/attempt_000972/metadata.txt
973,0.180822514692,tests/atlas_data_driven_sps/results/route9p3_global_calibrated_allpairs/bootstrap_fixed500_global_nominal_v1/job_097/attempt_000973/metadata.txt
974,0.216443129228,tests/atlas_data_driven_sps/results/route9p3_global_calibrated_allpairs/bootstrap_fixed500_global_nominal_v1/job_097/attempt_000974/metadata.txt
980,0.0860245115828,tests/atlas_data_driven_sps/results/route9p3_global_calibrated_allpairs/bootstrap_fixed500_global_nominal_v1/job_098/attempt_000980/metadata.txt
981,0.0973348909021,tests/atlas_data_driven_sps/results/route9p3_global_calibrated_allpairs/bootstrap_fixed500_global_nominal_v1/job_098/attempt_000981/metadata.txt
982,0.256394388398,tests/atlas_data_driven_sps/results/route9p3_global_calibrated_allpairs/bootstrap_fixed500_global_nominal_v1/job_098/attempt_000982/metadata.txt
983,0.300643058893,tests/atlas_data_driven_sps/results/route9p3_global_calibrated_allpairs/bootstrap_fixed500_global_nominal_v1/job_098/attempt_000983/metadata.txt
984,0.174179284779,tests/atlas_data_driven_sps/results/route9p3_global_calibrated_allpairs/bootstrap_fixed500_global_nominal_v1/job_098/attempt_000984/metadata.txt
990,0.242274754646,tests/atlas_data_driven_sps/results/route9p3_global_calibrated_allpairs/bootstrap_fixed500_global_nominal_v1/job_099/attempt_000990/metadata.txt
991,0.171962851098,tests/atlas_data_driven_sps/results/route9p3_global_calibrated_allpairs/bootstrap_fixed500_global_nominal_v1/job_099/attempt_000991/metadata.txt
992,0.1122694796,tests/atlas_data_driven_sps/results/route9p3_global_calibrated_allpairs/bootstrap_fixed500_global_nominal_v1/job_099/attempt_000992/metadata.txt
993,0.22606326957,tests/atlas_data_driven_sps/results/route9p3_global_calibrated_allpairs/bootstrap_fixed500_global_nominal_v1/job_099/attempt_000993/metadata.txt
994,0.212291306538,tests/atlas_data_driven_sps/results/route9p3_global_calibrated_allpairs/bootstrap_fixed500_global_nominal_v1/job_099/attempt_000994/metadata.txt
